age,b1,b2,b3,b4,b5,b6,bs1,bs2,bs3,bs4,bs5,bs6,bbs1,bbs2,bbs3,bbs4,bbs5,bbs6
10.0,0.9025069637883009,0.619815668202765,0.6402116402116402,0.7197802197802198,0.7900552486187845,1.1472868217054264,0.6685393258426966,0.5863874345549738,0.6319444444444444,0.6397058823529411,0.64375,1.1057692307692308,0.6510067114093959,0.5638297872340425,0.47058823529411764,0.3894736842105263,0.47297297297297297,1.2093023255813953
10.0,0.8251928020565553,0.6133056133056133,0.751207729468599,0.7380952380952381,0.8516746411483254,1.0264026402640265,0.6363636363636364,0.5242718446601942,0.7222222222222222,0.7837837837837838,0.856353591160221,1.3108108108108107,0.9037433155080213,0.45454545454545453,0.4537037037037037,0.5635593220338984,0.9776785714285714,1.653061224489796
10.0,1.053231939163498,0.6824512534818942,0.6160714285714286,0.684375,0.7484472049689441,1.1024590163934427,1.0263157894736843,0.5864197530864198,0.6466165413533834,0.539568345323741,0.6231884057971014,1.1555555555555554,1.1543624161073827,0.584,0.5892857142857143,0.5972222222222222,0.6527196652719666,1.13125
10.0,1.0658823529411765,0.8917835671342685,0.8308351177730193,0.865934065934066,0.9248826291079812,1.2083333333333333,0.8834355828220859,0.9526627218934911,0.703125,0.8509316770186336,0.8689655172413793,0.8881118881118881,0.921146953405018,0.7608695652173914,0.5888157894736842,0.6853932584269663,0.8237885462555066,1.205
10.0,1.0474452554744527,0.6886543535620053,0.6929347826086957,0.7380952380952381,0.7843137254901961,1.0909090909090908,1.091549295774648,0.6069651741293532,0.6893939393939394,0.6771653543307087,0.6269430051813472,1.15527950310559,1.25503355704698,0.5091743119266054,0.4393939393939394,0.47596153846153844,0.6902654867256637,1.6474820143884892
10.0,1.2873563218390804,0.7123893805309734,0.7107843137254902,0.7626262626262627,0.8622448979591837,1.460431654676259,1.0133333333333334,0.5181818181818182,0.7571428571428571,0.6666666666666666,0.7157894736842105,1.0,0.8311688311688312,0.5495495495495496,0.38317757009345793,0.4298245614035088,0.6063829787234043,1.435483870967742
10.0,1.1072261072261071,0.7149837133550488,0.6792452830188679,0.7315315315315315,0.7531531531531531,1.2105263157894737,1.165137614678899,0.6860986547085202,0.6504854368932039,0.6217616580310881,0.7194570135746606,1.127659574468085,1.186046511627907,0.64375,0.3582089552238806,0.436241610738255,0.7908745247148289,1.7013888888888888
10.0,1.065,0.6210526315789474,0.7172557172557172,0.7050209205020921,0.649155722326454,1.153623188405797,1.1676646706586826,0.46124031007751937,0.5423728813559322,0.6337209302325582,0.5450236966824644,1.2670807453416149,1.2787878787878788,0.4166666666666667,0.42857142857142855,0.45692883895131087,0.45,1.7407407407407407
10.0,0.8619718309859155,0.5591397849462365,0.45727482678983833,0.5265700483091788,0.4841628959276018,1.103942652329749,0.8577981651376146,0.6357142857142857,0.6387096774193548,0.5573770491803278,0.581081081081081,0.8011695906432749,1.4318181818181819,0.50390625,0.36607142857142855,0.3832599118942731,0.4186991869918699,1.4251968503937007
10.0,0.9050772626931567,0.5972222222222222,0.6215686274509804,0.6560636182902585,0.6390977443609023,1.0168539325842696,0.9245283018867925,0.5353535353535354,0.5909090909090909,0.5573770491803278,0.5396039603960396,1.0149253731343284,1.1691176470588236,0.57421875,0.38524590163934425,0.43859649122807015,0.5638766519823789,1.393162393162393
10.0,1.0991735537190082,0.6778309409888357,0.6810506566604128,0.7350597609561753,0.7046728971962617,1.169761273209549,0.8983957219251337,0.49049429657794674,0.6318407960199005,0.696969696969697,0.5291666666666667,0.9408602150537635,1.4177777777777778,0.4634146341463415,0.39072847682119205,0.4707792207792208,0.571917808219178,2.112676056338028
10.0,0.981203007518797,0.6371428571428571,0.6217948717948718,0.6496815286624203,0.5927051671732523,1.0695652173913044,1.118811881188119,0.5759493670886076,0.5080645161290323,0.6194690265486725,0.5448717948717948,1.0198019801980198,1.1794871794871795,0.553072625698324,0.46464646464646464,0.5025641025641026,0.5806451612903226,1.6712328767123288
10.0,0.7476190476190476,0.5870736086175943,0.5947955390334573,0.6007984031936128,0.6673076923076923,1.0052910052910053,0.9181286549707602,0.5,0.5353535353535354,0.6306818181818182,0.4909090909090909,0.7933884297520661,0.8742857142857143,0.6113207547169811,0.4294478527607362,0.46,0.5313531353135313,0.9884393063583815
10.0,1.0,0.669833729216152,0.713527851458886,0.7122905027932961,0.7777777777777778,1.2455357142857142,0.8785046728971962,0.5906040268456376,0.5692307692307692,0.5916666666666667,0.5483870967741935,1.3571428571428572,1.146067415730337,0.5362318840579711,0.42783505154639173,0.4900990099009901,0.5085714285714286,1.3595505617977528
10.0,1.1071428571428572,0.6653225806451613,0.6897321428571429,0.7307692307692307,0.7761194029850746,1.3155893536121672,1.1666666666666667,0.6420454545454546,0.7430167597765364,0.7469135802469136,0.7103448275862069,1.180722891566265,1.3374233128834356,0.6579925650557621,0.5161290322580645,0.4298245614035088,0.5492957746478874,2.430379746835443
10.0,1.0741935483870968,0.6926605504587156,0.6507177033492823,0.6813725490196079,0.6950354609929078,1.1586206896551725,1.0113636363636365,0.5801526717557252,0.6311475409836066,0.7,0.6299212598425197,1.2461538461538462,1.2049180327868851,0.512396694214876,0.39461883408071746,0.49295774647887325,0.6218905472636815,1.6022727272727273
10.0,0.9622641509433962,0.6921397379912664,0.685,0.7376623376623377,0.7938931297709924,1.2677824267782427,0.8352272727272727,0.6130952380952381,0.7317073170731707,0.6554054054054054,0.6011560693641619,1.1290322580645162,1.2074074074074075,0.4608695652173913,0.4230769230769231,0.34841628959276016,0.5572916666666666,1.9375
11.0,1.0888030888030888,0.7704402515723271,0.7256944444444444,0.7301038062283737,0.7811447811447811,1.2531645569620253,0.8773584905660378,0.5961538461538461,0.6847826086956522,0.6138613861386139,0.7446808510638298,0.7816091954022989,0.9836065573770492,0.620253164556962,0.4782608695652174,0.5,0.6301369863013698,1.4731182795698925
11.0,1.0133928571428572,0.6252019386106623,0.6332116788321168,0.658203125,0.7328094302554028,1.2696969696969698,0.7352941176470589,0.5450819672131147,0.6785714285714286,0.7660818713450293,0.6881720430107527,1.3157894736842106,0.9607843137254902,0.5111821086261981,0.3760217983651226,0.4270833333333333,0.7336683417085427,1.5348837209302326
11.0,0.8838174273858921,0.6178343949044586,0.6058394160583942,0.6231343283582089,0.7159090909090909,1.0268817204301075,0.6636363636363637,0.6,0.6363636363636364,0.594059405940594,0.6153846153846154,0.9090909090909091,0.9669421487603306,0.5341614906832298,0.43125,0.4383561643835616,0.6638655462184874,1.4625
11.0,1.1766666666666667,0.7786458333333334,0.8257372654155496,0.7774798927613941,0.8268156424581006,1.0974025974025974,1.1844660194174756,0.9158878504672897,0.7453416149068323,0.7432432432432432,0.8888888888888888,0.8809523809523809,0.9691358024691358,0.7185929648241206,0.4956140350877193,0.46484375,0.7368421052631579,1.4285714285714286
11.0,0.9918200408997955,0.7060755336617406,0.7092198581560284,0.7272727272727273,0.7872340425531915,1.1792717086834734,0.8536585365853658,0.636734693877551,0.7976190476190477,0.6379310344827587,0.6238532110091743,1.4271844660194175,1.018181818181818,0.6335616438356164,0.5060240963855421,0.6135265700483091,0.6589861751152074,1.882882882882883
11.0,0.9156626506024096,0.5431654676258992,0.7665198237885462,0.7733644859813084,0.7177777777777777,1.0279503105590062,0.5902439024390244,0.6862745098039216,0.6688741721854304,0.6797385620915033,0.7619047619047619,0.9632352941176471,0.7821782178217822,0.5037037037037037,0.34831460674157305,0.4122448979591837,0.5779816513761468,1.1550387596899225
11.0,1.0,0.6109422492401215,0.5996592844974447,0.568935427574171,0.6048780487804878,0.8845208845208845,0.9797979797979798,0.536,0.5027624309392266,0.6163522012578616,0.545,1.1454545454545455,1.165137614678899,0.4461538461538462,0.37534246575342467,0.37575757575757573,0.508641975308642,1.6319018404907975
11.0,1.0,0.6521739130434783,0.6823770491803278,0.7014925373134329,0.7231075697211156,1.0211640211640212,0.7959183673469388,0.51010101010101,0.6272189349112426,0.6851851851851852,0.6363636363636364,0.7938931297709924,1.3893129770992367,0.48360655737704916,0.3924050632911392,0.38666666666666666,0.37735849056603776,1.09375
11.0,1.0934256055363323,0.7363896848137536,0.7834394904458599,0.7476923076923077,0.6727748691099477,1.0542372881355933,0.9925373134328358,0.603448275862069,0.6639344262295082,0.7413793103448276,0.6283783783783784,0.9435483870967742,1.218045112781955,0.5833333333333334,0.5272727272727272,0.4777777777777778,0.6057142857142858,1.3
11.0,1.0294117647058822,0.7285067873303167,0.6987951807228916,0.7741935483870968,0.8372703412073491,1.3614457831325302,0.8932038834951457,0.6375,0.6865671641791045,0.7301587301587301,0.6808510638297872,1.1363636363636365,1.1608391608391608,0.6298076923076923,0.39737991266375544,0.4512820512820513,0.6263157894736842,1.9611650485436893
11.0,0.9431818181818182,0.7591973244147158,0.7707509881422925,0.7323420074349443,0.7345454545454545,1.284153005464481,0.8529411764705882,0.5833333333333334,0.7244897959183674,0.6770833333333334,0.5811965811965812,1.2409638554216869,1.183206106870229,0.5483870967741935,0.4567901234567901,0.48936170212765956,0.5546875,1.9873417721518987
12.0,1.3133333333333332,0.7962962962962963,0.8421052631578947,0.8899082568807339,0.8138138138138138,1.3976833976833978,1.2846715328467153,0.7777777777777778,0.8495575221238938,0.8846153846153846,0.7111111111111111,1.6875,1.7967479674796747,0.4641350210970464,0.5918367346938775,0.64,0.6519337016574586,1.8018018018018018
12.0,1.2352941176470589,0.7396963123644251,0.7795823665893271,0.7262180974477959,0.7130801687763713,1.247093023255814,0.8355263157894737,0.9285714285714286,0.7692307692307693,0.7769784172661871,0.6291390728476821,1.125,1.2585034013605443,0.751219512195122,0.5829596412556054,0.49407114624505927,0.6214953271028038,1.7286821705426356
12.0,0.8506787330316742,0.6,0.5709219858156028,0.5745454545454546,0.5892857142857143,0.8888888888888888,0.8783783783783784,0.7027027027027027,0.7125,0.7108433734939759,0.6451612903225806,1.0,0.8378378378378378,0.5086206896551724,0.35036496350364965,0.4596774193548387,0.6160714285714286,1.5666666666666667
12.0,0.9525222551928784,0.6255411255411255,0.5966981132075472,0.6112469437652812,0.6751269035532995,1.135135135135135,0.7569444444444444,0.6037735849056604,0.6910569105691057,0.6016949152542372,0.5632183908045977,1.2043010752688172,1.0124223602484472,0.5384615384615384,0.41626794258373206,0.39893617021276595,0.8903225806451613,1.7872340425531914
12.0,0.9680589680589681,0.568503937007874,0.592128801431127,0.6709796672828097,0.6541889483065954,1.0811594202898551,0.9197080291970803,0.4166666666666667,0.6530612244897959,0.7131782945736435,0.6064516129032258,1.0211267605633803,1.0355029585798816,0.5245283018867924,0.40344827586206894,0.4398496240601504,0.6139705882352942,1.832
12.0,1.1203931203931203,0.8391752577319588,0.8060046189376443,0.8348623853211009,0.881578947368421,1.1428571428571428,0.8985507246376812,0.7823529411764706,0.9252336448598131,0.8492063492063492,0.7763975155279503,0.8582677165354331,1.1731843575418994,0.5286885245901639,0.5520361990950227,0.5733333333333334,0.7385321100917431,1.18562874251497
12.0,1.1261770244821092,0.6231671554252199,0.7264653641207816,0.7296296296296296,0.7100175746924429,1.3428571428571427,1.005952380952381,0.4798387096774194,0.7466666666666667,0.79375,0.6301369863013698,1.3739837398373984,1.4795918367346939,0.5421686746987951,0.49244712990936557,0.49673202614379086,0.7320872274143302,2.556390977443609
12.0,1.0,0.7484787018255578,0.7230443974630021,0.7242105263157895,0.7844827586206896,1.2063953488372092,0.9931506849315068,0.6388888888888888,0.6985294117647058,0.7833333333333333,0.6622516556291391,1.1428571428571428,1.1105263157894736,0.6255707762557078,0.4576271186440678,0.5811965811965812,0.5991735537190083,2.018181818181818
12.0,0.9290540540540541,0.6747572815533981,0.718421052631579,0.6939313984168866,0.7593984962406015,1.0486111111111112,1.2346938775510203,0.4965986394557823,0.6851851851851852,0.7962962962962963,0.6015625,0.8367346938775511,1.2592592592592593,0.5129533678756477,0.47474747474747475,0.5277777777777778,0.6185567010309279,1.4579439252336448
12.0,0.9352750809061489,0.6243523316062176,0.6494252873563219,0.6619318181818182,0.7012195121951219,1.092920353982301,0.9797979797979798,0.6363636363636364,0.8275862068965517,0.5689655172413793,0.62,1.0769230769230769,1.1228070175438596,0.5364583333333334,0.4222222222222222,0.49079754601226994,0.5027932960893855,2.0126582278481013
12.0,0.944078947368421,0.587378640776699,0.6304985337243402,0.6876876876876877,0.6864406779661016,1.0699588477366255,0.9440559440559441,0.6554621848739496,0.8111111111111111,0.7352941176470589,0.7192982456140351,1.2285714285714286,1.0890410958904109,0.5214007782101168,0.4909090909090909,0.4786729857819905,0.6355555555555555,1.56
13.0,1.045325779036827,0.6945054945054945,0.65625,0.669047619047619,0.7780548628428927,1.3018181818181818,1.032258064516129,0.6241610738255033,0.7338709677419355,0.7477477477477478,0.5801526717557252,1.0258620689655173,0.88125,0.5374449339207048,0.42424242424242425,0.458128078817734,0.6686390532544378,1.426356589147287
13.0,1.0542005420054201,0.7087576374745418,0.748868778280543,0.7822014051522248,0.7976190476190477,1.3696498054474708,0.9259259259259259,0.627906976744186,0.738562091503268,0.7310924369747899,0.6111111111111112,0.9157894736842105,1.2403100775193798,0.5794392523364486,0.4696969696969697,0.6866359447004609,0.7528735632183908,1.1944444444444444
13.0,1.1232876712328768,0.7429193899782135,0.75,0.7204301075268817,0.7936170212765957,0.918848167539267,0.85,0.8559322033898306,0.5590551181102362,0.6148148148148148,0.6518518518518519,0.7151515151515152,0.9876543209876543,0.5224489795918368,0.4807692307692308,0.48,0.708171206225681,1.1111111111111112
13.0,1.3115264797507789,0.7894736842105263,0.7350230414746544,0.720873786407767,0.679372197309417,1.2469135802469136,1.5126050420168067,0.9266666666666666,0.7610619469026548,0.95,0.5864197530864198,1.1209677419354838,1.4322580645161291,0.6099585062240664,0.5551020408163265,0.6457399103139013,0.515625,1.1452513966480447
13.0,0.8961038961038961,0.6241721854304636,0.6471663619744058,0.6679245283018868,0.6842105263157895,0.8560606060606061,0.6890243902439024,0.68,0.813953488372093,0.6756756756756757,0.6038961038961039,1.0406504065040652,0.9911504424778761,0.5173501577287066,0.4136690647482014,0.46122448979591835,0.5447470817120622,1.625
13.0,1.0644391408114557,0.5883361921097771,0.6038834951456311,0.6265060240963856,0.6640316205533597,1.2484472049689441,0.9225806451612903,0.6071428571428571,0.72,0.8,0.6780487804878049,1.1241379310344828,1.06,0.4931506849315068,0.44108761329305135,0.4820846905537459,0.5750798722044729,1.6555555555555554
13.0,1.0038387715930903,0.6815789473684211,0.7564935064935064,0.7989601386481803,0.7550335570469798,1.2546916890080428,1.0558139534883721,0.6843971631205674,0.8535031847133758,1.0135135135135136,0.6619718309859155,1.0829015544041452,1.1360294117647058,0.5835240274599542,0.5181058495821727,0.5361842105263158,0.5459610027855153,1.774390243902439
13.0,0.9696969696969697,0.7636363636363637,0.7438423645320197,0.7954144620811288,0.8107638888888888,1.150990099009901,0.7616580310880829,0.6094420600858369,0.8523489932885906,0.7398373983739838,0.7572254335260116,0.9139072847682119,1.537037037037037,0.5734939759036145,0.4789473684210526,0.5317220543806647,0.6086956521739131,1.620253164556962
13.0,1.0042105263157894,0.6767830045523521,0.7079796264855688,0.7202072538860104,0.7230769230769231,1.2099447513812154,1.1807909604519775,0.6343612334801763,0.7365269461077845,0.8106060606060606,0.6035242290748899,1.1164021164021165,1.50920245398773,0.4483695652173913,0.5,0.4423076923076923,0.5596330275229358,2.008403361344538
13.0,0.8036649214659686,0.6563245823389021,0.7275204359673024,0.7485714285714286,0.7801204819277109,1.1129032258064515,0.9236111111111112,0.5921052631578947,0.7564102564102564,0.9,0.8387096774193549,1.1219512195121952,0.9203980099502488,0.5403225806451613,0.4095238095238095,0.5,0.6789473684210526,1.8969072164948453
13.0,1.2531645569620253,0.7599118942731278,0.7161862527716186,0.8025210084033614,0.8147410358565738,1.1130653266331658,1.1791044776119404,0.7485380116959064,0.9841269841269841,0.7431192660550459,0.7345679012345679,1.64,1.5955882352941178,0.6826568265682657,0.582995951417004,0.5608856088560885,0.6984732824427481,1.5864197530864197
14.0,0.9911242603550295,0.6051401869158879,0.5558659217877095,0.6564245810055865,0.7536656891495601,1.1772151898734178,0.8346456692913385,0.7379310344827587,0.8738738738738738,0.7184466019417476,0.7954545454545454,0.9696969696969697,0.8532608695652174,0.48412698412698413,0.4673913043478261,0.5389221556886228,0.632258064516129,1.5
14.0,0.8980169971671388,0.6914893617021277,0.7320574162679426,0.7331730769230769,0.673773987206823,0.8711656441717791,0.8865248226950354,0.816,0.9431818181818182,0.8586956521739131,0.7603305785123967,0.6842105263157895,0.9158415841584159,0.6125,0.5213270142180095,0.5339366515837104,0.536,0.9171597633136095
14.0,0.8915343915343915,0.7986425339366516,0.8435897435897436,0.7853658536585366,0.7494305239179955,0.9572649572649573,0.753968253968254,0.3959731543624161,0.625,0.6311475409836066,0.49606299212598426,0.9523809523809523,0.8333333333333334,0.7376237623762376,0.596244131455399,0.6634146341463415,0.6150234741784038,0.8777777777777778
14.0,1.0175746924428823,0.7782101167315175,0.744,0.7758152173913043,0.7237635705669482,1.0373376623376624,1.1468926553672316,0.7339449541284404,0.8819875776397516,1.083969465648855,0.8053097345132744,0.9692307692307692,0.9872340425531915,0.5116279069767442,0.5570032573289903,0.5752212389380531,0.48484848484848486,1.0344827586206897
14.0,1.0328767123287672,0.7227272727272728,0.7002398081534772,0.7204030226700252,0.741514360313316,1.0091463414634145,0.9433962264150944,0.9433962264150944,0.9375,0.81,0.6944444444444444,0.7913043478260869,0.9947916666666666,0.5573122529644269,0.47478991596638653,0.4329004329004329,0.5099009900990099,0.8469945355191257
14.0,1.069139966273187,0.8310626702997275,0.6256613756613757,0.7192755498059509,0.9204052098408104,1.3278350515463917,0.9746192893401016,0.72,0.5675675675675675,0.9095744680851063,0.7192118226600985,0.9326424870466321,1.4256410256410257,0.7838827838827839,0.42025316455696204,0.5508474576271186,0.7243589743589743,1.375
14.0,1.2288401253918495,0.7949367088607595,0.7262569832402235,0.7244318181818182,0.8390501319261213,1.3820224719101124,1.21,0.5971223021582733,0.6421052631578947,0.4230769230769231,0.676056338028169,1.0672268907563025,1.2380952380952381,0.5652173913043478,0.526829268292683,0.6570048309178744,0.6228813559322034,1.0747126436781609
14.0,0.9441233140655106,0.6438152011922503,0.6098807495741057,0.7195571955719557,0.7531305903398927,1.0523560209424083,0.9943820224719101,0.5821596244131455,0.547486033519553,0.7237569060773481,0.7612903225806451,1.1818181818181819,0.9716312056737588,0.5698630136986301,0.43870967741935485,0.678030303030303,0.7318840579710145,1.4261363636363635
14.0,0.669833729216152,0.5677655677655677,0.5485148514851486,0.5550847457627118,0.5964523281596452,0.9261744966442953,0.6507936507936508,0.7615384615384615,0.7739130434782608,0.8842105263157894,0.608,0.7,0.775,0.506896551724138,0.4007352941176471,0.4318181818181818,0.5224719101123596,0.860655737704918
14.0,1.0451977401129944,0.7391304347826086,0.8315789473684211,0.7704081632653061,0.7648401826484018,1.0549132947976878,0.990990990990991,0.7559055118110236,0.6574074074074074,0.8333333333333334,0.5590551181102362,0.9176470588235294,1.0208333333333333,0.5738636363636364,0.4298642533936652,0.40540540540540543,0.6700507614213198,1.210144927536232
14.0,0.8800904977375565,0.5945945945945946,0.6195856873822976,0.6569200779727096,0.6721014492753623,0.8906666666666667,0.8809523809523809,0.5818181818181818,0.4791666666666667,0.48905109489051096,0.5743243243243243,0.9743589743589743,0.980544747081712,0.5358974358974359,0.5308988764044944,0.5739130434782609,0.5796703296703297,1.2010582010582012
14.0,1.0791666666666666,0.7375,0.8250539956803455,0.8070539419087137,0.8004073319755601,1.304093567251462,0.8471337579617835,0.8154761904761905,0.6595744680851063,0.5527950310559007,0.795774647887324,1.0382165605095541,1.2119815668202765,0.5522875816993464,0.4740740740740741,0.4530612244897959,0.5766666666666667,1.380952380952381
14.0,0.8909657320872274,0.770573566084788,0.7650429799426934,0.7048710601719198,0.8140845070422535,0.9337979094076655,0.9672131147540983,0.9895833333333334,0.7910447761194029,0.6495726495726496,0.8863636363636364,1.036144578313253,1.280701754385965,0.5621890547263682,0.5885714285714285,0.5263157894736842,0.4919786096256685,1.6551724137931034
14.0,0.8439897698209718,0.6511627906976745,0.596529284164859,0.6331877729257642,0.7107061503416856,0.9682539682539683,0.7619047619047619,0.751937984496124,0.5344827586206896,0.5740740740740741,0.4854368932038835,0.9393939393939394,0.5690376569037657,0.6115107913669064,0.7280701754385965,0.583011583011583,0.6614785992217899,0.8980582524271845
6.0,1.2893518518518519,0.6736526946107785,0.6061120543293718,0.7470355731225297,0.918918918918919,1.4555160142348755,0.9333333333333333,0.5558375634517766,0.3164179104477612,0.43973941368078173,0.7786259541984732,1.8533333333333333,1.3820224719101124,0.5285714285714286,0.29095354523227385,0.5588235294117647,0.9549180327868853,2.873873873873874
6.0,0.9778393351800554,0.5317164179104478,0.5869158878504673,0.6260162601626016,0.648,0.8951841359773371,0.9292035398230089,0.42902208201892744,0.39792387543252594,0.45112781954887216,0.44745762711864406,0.8202764976958525,1.7328244274809161,0.45018450184501846,0.2978723404255319,0.3508771929824561,0.3708206686930091,1.4236111111111112
6.0,0.8893360160965795,0.5796519410977242,0.5465288035450517,0.6091772151898734,0.6473509933774835,1.0941828254847645,0.8876811594202898,0.4468599033816425,0.4088541666666667,0.42433234421364985,0.5628930817610063,1.2925531914893618,1.0077220077220077,0.5486935866983373,0.29977628635346754,0.35858585858585856,0.71875,1.8264462809917354
6.0,0.9293193717277487,0.5101156069364162,0.43425076452599387,0.48519736842105265,0.6214689265536724,1.0522875816993464,1.0984455958549222,0.37587006960556846,0.3674033149171271,0.35327635327635326,0.5412844036697247,1.3212121212121213,0.8130081300813008,0.4681372549019608,0.23644251626898047,0.3009478672985782,0.5975232198142415,2.161290322580645
6.0,1.09375,0.6466512702078522,0.6618004866180048,0.759493670886076,0.7279411764705882,1.265625,0.8920454545454546,0.4830188679245283,0.42105263157894735,0.5063829787234042,0.5565217391304348,1.1756756756756757,1.525,0.5381944444444444,0.34375,0.43205574912891986,0.6716417910447762,1.3445378151260505
7.0,1.0128205128205128,0.6034858387799564,0.6417112299465241,0.7095808383233533,0.6810126582278481,1.3445378151260505,1.0061349693251533,0.5203619909502263,0.49696969696969695,0.46938775510204084,0.5891891891891892,1.173913043478261,1.135135135135135,0.6141078838174274,0.3438914027149321,0.39545454545454545,0.6274509803921569,2.031578947368421
7.0,1.053475935828877,0.7621951219512195,0.6723809523809524,0.7525987525987526,0.8360655737704918,1.364963503649635,0.9154228855721394,0.6401673640167364,0.42213114754098363,0.5495495495495496,0.6981132075471698,1.3202614379084967,1.3184713375796178,0.654275092936803,0.4050632911392405,0.41875,0.7415254237288136,2.8295454545454546
7.0,1.1436314363143631,0.7178947368421053,0.6876404494382022,0.7174887892376681,0.8983050847457628,0.8874172185430463,1.1574074074074074,0.543859649122807,0.42616033755274263,0.4829059829059829,0.7794117647058824,1.4539007092198581,1.302325581395349,0.6096654275092936,0.3707482993197279,0.4785714285714286,1.0292682926829269,2.03
7.0,1.0821256038647342,0.6546242774566474,0.6126126126126126,0.6557377049180327,0.7240473061760841,0.9333333333333333,1.1026785714285714,0.5698324022346368,0.49624060150375937,0.5799086757990868,0.6763005780346821,1.0200803212851406,1.543859649122807,0.7021943573667712,0.31670281995661603,0.4418103448275862,0.8682634730538922,1.9642857142857142
7.0,1.125,0.6781609195402298,0.6109785202863962,0.6484560570071259,0.6923076923076923,1.2375886524822695,0.9820359281437125,0.5288888888888889,0.452914798206278,0.4823008849557522,0.5256410256410257,1.2119205298013245,1.284848484848485,0.5977011494252874,0.36585365853658536,0.3443223443223443,0.6540084388185654,1.6220472440944882
7.0,0.7248062015503876,0.46875,0.46688741721854304,0.46503496503496505,0.5234899328859061,0.9536082474226805,0.7058823529411765,0.37142857142857144,0.3125,0.3401360544217687,0.3712574850299401,0.8348623853211009,0.9568965517241379,0.3870967741935484,0.30357142857142855,0.33540372670807456,0.46258503401360546,1.4507042253521127
7.0,1.1118721461187215,0.6578947368421053,0.7005649717514124,0.7064393939393939,0.7245283018867924,1.1587301587301588,0.823045267489712,0.4005602240896359,0.34411764705882353,0.3838383838383838,0.608,1.0425531914893618,1.2036199095022624,0.39746835443037976,0.3359375,0.3146067415730337,0.5902255639097744,1.950354609929078
7.0,0.8949880668257757,0.5851449275362319,0.5555555555555556,0.7014218009478673,0.7170731707317073,1.0031446540880504,0.6625,0.4359861591695502,0.3140794223826715,0.4117647058823529,0.5518867924528302,0.8677685950413223,0.8914027149321267,0.39215686274509803,0.3102310231023102,0.2698961937716263,0.3977272727272727,1.4516129032258065
7.0,0.7365853658536585,0.5784671532846716,0.6129707112970711,0.6294642857142857,0.6622222222222223,1.024561403508772,0.6505576208178439,0.41946308724832215,0.4263565891472868,0.4888888888888889,0.47843137254901963,0.9447852760736196,1.0,0.4567901234567901,0.37809187279151946,0.41403508771929826,0.47368421052631576,1.6
7.0,1.0170454545454546,0.5722543352601156,0.6432160804020101,0.665,0.725,1.1941391941391941,0.9354838709677419,0.4533333333333333,0.44549763033175355,0.5355191256830601,0.5857740585774058,1.4962962962962962,1.1008403361344539,0.48014440433212996,0.35546875,0.44651162790697674,0.7591240875912408,1.7525773195876289
7.0,0.6684350132625995,0.43470149253731344,0.5412621359223301,0.5116822429906542,0.46220302375809935,0.7867132867132867,0.508130081300813,0.28222996515679444,0.3951219512195122,0.3582887700534759,0.2882882882882883,0.8533333333333334,0.7245508982035929,0.2727272727272727,0.30612244897959184,0.35526315789473684,0.4495798319327731,1.1226415094339623
7.0,1.0337662337662337,0.6921487603305785,0.6681922196796338,0.7235023041474654,0.8047058823529412,1.4802867383512546,0.7929515418502202,0.6275510204081632,0.5460992907801419,0.6447368421052632,0.7016574585635359,1.32,0.6666666666666666,0.6026200873362445,0.3888888888888889,0.31095406360424027,0.8847926267281107,2.632911392405063
7.0,0.8725490196078431,0.4711815561959654,0.46492659053833607,0.4782608695652174,0.6524271844660194,0.9481268011527377,0.907563025210084,0.4108527131782946,0.3002680965147453,0.30498533724340177,0.5241379310344828,0.9086538461538461,1.3841463414634145,0.5205882352941177,0.29095354523227385,0.2544529262086514,0.7100840336134454,1.8943089430894309
7.0,0.8906666666666667,0.597872340425532,0.6359102244389028,0.6577017114914425,0.6666666666666666,1.0627062706270627,0.8450704225352113,0.3865546218487395,0.4369747899159664,0.47549019607843135,0.49019607843137253,1.1324503311258278,1.0379746835443038,0.56,0.4068441064638783,0.4224137931034483,0.6041666666666666,2.4395604395604398
7.0,1.141255605381166,0.5856697819314641,0.6737451737451737,0.6844181459566075,0.7426326129666012,1.227882037533512,1.008097165991903,0.45989304812834225,0.44932432432432434,0.38127090301003347,0.7489361702127659,1.335483870967742,0.9441624365482234,0.38823529411764707,0.2808022922636103,0.3147632311977716,0.6357142857142857,2.131782945736434
7.0,1.2372188139059306,0.7166212534059946,0.7179878048780488,0.7604501607717041,0.7809798270893372,1.2041666666666666,1.3613138686131387,0.5428571428571428,0.46273291925465837,0.43452380952380953,0.5696517412935324,1.4244897959183673,1.6,0.65,0.41133004926108374,0.4246913580246914,0.8164383561643835,2.8142857142857145
7.0,1.1288659793814433,0.5855855855855856,0.6059602649006622,0.6097560975609756,0.6071428571428571,1.2191011235955056,1.0854700854700854,0.49444444444444446,0.5,0.4722222222222222,0.36419753086419754,1.188118811881188,2.0806451612903225,0.5094339622641509,0.47619047619047616,0.3924731182795699,0.5135135135135135,2.4313725490196076
7.0,0.7973231357552581,0.5572715572715573,0.6261682242990654,0.5854037267080745,0.600609756097561,0.9857482185273159,0.7429467084639498,0.43119266055045874,0.4840764331210191,0.4222222222222222,0.4153846153846154,0.9656652360515021,1.09375,0.422360248447205,0.4231678486997636,0.42657342657342656,0.6494845360824743,1.774390243902439
7.0,1.011764705882353,0.5175097276264592,0.6716981132075471,0.673202614379085,0.6435897435897436,1.1616161616161615,0.8606741573033708,0.28205128205128205,0.525,0.49873417721518987,0.35610766045548653,1.171875,1.1101928374655647,0.2908496732026144,0.32,0.3055555555555556,0.5607476635514018,2.0310880829015545
7.0,1.1836283185840708,0.6288492706645057,0.6783625730994152,0.6904761904761905,0.7418738049713193,1.382608695652174,1.2202643171806167,0.5525525525525525,0.4309210526315789,0.5985130111524164,0.7580071174377224,1.2878787878787878,1.0962962962962963,0.6241610738255033,0.3799392097264438,0.5,0.9274193548387096,2.543307086614173
7.0,0.9925187032418953,0.648695652173913,0.6522593320235757,0.7014925373134329,0.8057692307692308,1.1033434650455927,0.9788135593220338,0.4732142857142857,0.4773662551440329,0.5338983050847458,0.7661290322580645,1.131578947368421,1.2918918918918918,0.5917721518987342,0.3657142857142857,0.4742857142857143,0.9924812030075187,2.4623655913978495
7.0,1.1470588235294117,0.6823161189358372,0.6884422110552764,0.7170138888888888,0.7955390334572491,1.2463343108504399,0.92,0.5568513119533528,0.4817073170731707,0.4707792207792208,0.6363636363636364,1.4333333333333333,1.5949367088607596,0.6104972375690608,0.3482587064676617,0.43342036553524804,0.8222996515679443,2.802197802197802
7.0,1.0019493177387915,0.644542772861357,0.6766666666666666,0.6677852348993288,0.676818950930626,1.1223958333333333,0.9282868525896414,0.49575070821529743,0.5313653136531366,0.486013986013986,0.45751633986928103,1.39010989010989,1.1461187214611872,0.5921787709497207,0.4037433155080214,0.4255874673629243,0.6896551724137931,1.1020408163265305
7.0,0.9422222222222222,0.6714060031595577,0.6597222222222222,0.7609075043630017,0.6460587326120556,0.7852631578947369,0.9563636363636364,0.42450142450142453,0.4963235294117647,0.5129151291512916,0.4361111111111111,0.9620253164556962,0.9216589861751152,0.3982808022922636,0.30952380952380953,0.40634005763688763,0.5506329113924051,1.6745562130177514
7.0,1.1440677966101696,0.7267552182163188,0.7093023255813954,0.5839552238805971,0.6654867256637168,1.0199004975124377,1.0560344827586208,0.7142857142857143,0.6371308016877637,0.4942528735632184,0.4952681388012618,0.9506172839506173,1.5974025974025974,0.8278688524590164,0.5439739413680782,0.3315508021390374,0.5468164794007491,1.5333333333333334
7.0,1.0476190476190477,0.6158536585365854,0.5945330296127562,0.5995085995085995,0.8027777777777778,1.4142259414225942,1.0666666666666667,0.476,0.39565217391304347,0.3577981651376147,0.5359116022099447,1.5714285714285714,1.4202127659574468,0.5738831615120275,0.4592833876221498,0.35815602836879434,0.7703349282296651,2.522935779816514
7.0,0.8032345013477089,0.5567928730512249,0.5901639344262295,0.7522658610271903,0.834983498349835,1.021097046413502,0.6710526315789473,0.43609022556390975,0.4126984126984127,0.4864864864864865,0.8651685393258427,1.3095238095238095,0.5902439024390244,0.4148936170212766,0.3667953667953668,0.4517543859649123,1.0291970802919708,2.8518518518518516
7.0,0.8333333333333334,0.40816326530612246,0.5563139931740614,0.5097402597402597,0.5076452599388379,1.015075376884422,0.6802325581395349,0.3394495412844037,0.3674698795180723,0.3548387096774194,0.3448275862068966,0.9830508474576272,0.7029702970297029,0.3380952380952381,0.3532608695652174,0.3163265306122449,0.3556701030927835,1.25
7.0,1.1232876712328768,0.6561014263074485,0.7114695340501792,0.697841726618705,0.7798861480075902,1.4271844660194175,0.9018181818181819,0.45066666666666666,0.4758842443729904,0.47368421052631576,0.6363636363636364,1.5384615384615385,1.1868686868686869,0.4911392405063291,0.31218274111675126,0.4343163538873995,0.7774193548387097,1.8012820512820513
8.0,1.0876623376623376,0.696078431372549,0.6833333333333333,0.6395604395604395,0.6719817767653758,1.1288135593220339,1.0786516853932584,0.5358851674641149,0.5316455696202531,0.5625,0.6065573770491803,1.0743243243243243,1.528,0.6612021857923497,0.4409090909090909,0.4251968503937008,0.7209302325581395,1.8461538461538463
8.0,0.9646464646464646,0.6133768352365416,0.5920138888888888,0.66,0.8634538152610441,1.0149700598802396,0.8042553191489362,0.55,0.37142857142857144,0.44402985074626866,0.6707818930041153,1.175,0.7958115183246073,0.6079734219269103,0.33879781420765026,0.40102827763496146,0.7912087912087912,1.4193548387096775
8.0,0.9867549668874173,0.5327510917030568,0.5247524752475248,0.4790697674418605,0.6602870813397129,1.216,1.126984126984127,0.47107438016528924,0.3333333333333333,0.3894736842105263,0.42857142857142855,1.2321428571428572,1.0,0.5309734513274337,0.336,0.3357664233576642,0.5588235294117647,1.9814814814814814
8.0,1.1035502958579881,0.6535087719298246,0.7061728395061728,0.7633587786259542,0.7667493796526055,1.2210884353741496,0.8167539267015707,0.4429223744292237,0.4639175257731959,0.40804597701149425,0.518324607329843,0.853448275862069,1.4217687074829932,0.4329501915708812,0.3389121338912134,0.3155893536121673,0.5339805825242718,2.3440860215053765
8.0,0.8590308370044053,0.5988700564971752,0.5127840909090909,0.5553745928338762,0.6636197440585009,1.053412462908012,0.9464285714285714,0.4146341463414634,0.41420118343195267,0.42214532871972316,0.44285714285714284,1.097902097902098,1.0480769230769231,0.5472636815920398,0.2894168466522678,0.29683698296836986,0.6588235294117647,1.627906976744186
8.0,0.8899755501222494,0.5381882770870338,0.5876288659793815,0.6673684210526316,0.8037383177570093,1.1923076923076923,0.7929515418502202,0.4838709677419355,0.5798816568047337,0.6524390243902439,0.6739130434782609,1.2706766917293233,0.9166666666666666,0.4738562091503268,0.39308176100628933,0.43006993006993005,0.8627450980392157,2.0816326530612246
8.0,0.7880184331797235,0.6456400742115028,0.6447638603696099,0.6666666666666666,0.6900212314225053,1.0773993808049536,0.7729257641921398,0.4368231046931408,0.43162393162393164,0.4549763033175355,0.4788732394366197,0.9714285714285714,1.4552845528455285,0.5878136200716846,0.397212543554007,0.3547297297297297,0.5775193798449613,2.3780487804878048
8.0,0.8945945945945946,0.5816733067729084,0.6203703703703703,0.7439613526570048,0.7195121951219512,1.1992619926199262,0.96045197740113,0.40408163265306124,0.5655172413793104,0.6433566433566433,0.4748603351955307,1.4067796610169492,0.7905405405405406,0.47547169811320755,0.4031620553359684,0.40930232558139534,0.5804878048780487,1.8172043010752688
8.0,0.9438202247191011,0.6096256684491979,0.6594427244582043,0.7377622377622378,0.7741935483870968,1.0954773869346734,0.8355263157894737,0.5303030303030303,0.4827586206896552,0.5217391304347826,0.7443609022556391,1.367816091954023,1.2478632478632479,0.536036036036036,0.2987012987012987,0.4380952380952381,0.9016393442622951,1.9873417721518987
8.0,1.1893095768374164,0.6971235194585449,0.7189409368635438,0.7765726681127982,0.8427947598253275,1.467741935483871,0.968,0.5763239875389408,0.6169354838709677,0.5578512396694215,0.6610878661087866,1.2044198895027625,1.375,0.46438746438746437,0.44039735099337746,0.4852941176470588,0.642570281124498,2.66
8.0,1.00253807106599,0.6581196581196581,0.7315270935960592,0.7455919395465995,0.806930693069307,1.5925925925925926,0.99,0.47391304347826085,0.6363636363636364,0.615819209039548,0.6130434782608696,1.5266666666666666,1.318435754189944,0.5075187969924813,0.37398373983739835,0.4189723320158103,0.6929824561403509,2.7555555555555555
8.0,1.0244498777506112,0.6217162872154116,0.6237816764132553,0.6434262948207171,0.6256983240223464,1.0222222222222221,1.0761421319796953,0.5283687943262412,0.46798029556650245,0.48663101604278075,0.5039370078740157,1.0285714285714285,1.2459893048128343,0.5502793296089385,0.375,0.4671280276816609,0.556923076923077,1.5225806451612902
8.0,1.1259445843828715,0.6964912280701754,0.7169811320754716,0.7137176938369781,0.6972477064220184,1.1278772378516624,1.1428571428571428,0.616519174041298,0.570446735395189,0.574468085106383,0.543918918918919,1.077720207253886,1.2407407407407407,0.775811209439528,0.4945054945054945,0.39845758354755784,0.5254237288135594,1.3564814814814814
8.0,1.0375,0.6402535657686212,0.5429936305732485,0.6660869565217391,0.711340206185567,1.0238663484486874,0.895,0.47575757575757577,0.37012987012987014,0.42748091603053434,0.5480427046263345,1.043956043956044,0.9611111111111111,0.5971830985915493,0.35368956743002544,0.4171597633136095,0.6490066225165563,0.8473684210526315
8.0,0.9733333333333334,0.5708245243128964,0.6081730769230769,0.5985576923076923,0.5968819599109132,1.010204081632653,0.9363057324840764,0.5324074074074074,0.521505376344086,0.547486033519553,0.4377880184331797,0.9517241379310345,1.9545454545454546,0.5035971223021583,0.41044776119402987,0.35390946502057613,0.47388059701492535,2.1666666666666665
8.0,1.0496083550913837,0.6648648648648648,0.6571428571428571,0.6887550200803213,0.7558386411889597,1.2774193548387096,0.9902439024390244,0.6027397260273972,0.45733788395904434,0.43846153846153846,0.6022727272727273,1.2156862745098038,1.3238636363636365,0.5987460815047022,0.3773006134969325,0.347682119205298,0.6654411764705882,1.6551724137931034
8.0,1.064102564102564,0.6380090497737556,0.7357512953367875,0.7347480106100795,0.6792929292929293,1.1054545454545455,0.9246575342465754,0.48660714285714285,0.6129032258064516,0.5257731958762887,0.5602094240837696,1.0964912280701755,1.3540372670807452,0.5276752767527675,0.34285714285714286,0.3786008230452675,0.5789473684210527,1.3953488372093024
8.0,1.08,0.6120218579234973,0.5777777777777777,0.6215644820295984,0.7068965517241379,1.3247232472324724,0.9356435643564357,0.46864686468646866,0.375,0.40476190476190477,0.5892857142857143,1.31496062992126,1.0898876404494382,0.47719298245614034,0.296551724137931,0.2925170068027211,0.7135922330097088,1.4065934065934067
8.0,0.7787610619469026,0.5762004175365344,0.5566502463054187,0.596816976127321,0.6482412060301508,0.9540229885057471,0.838150289017341,0.44313725490196076,0.4405940594059406,0.4312796208530806,0.44298245614035087,0.9682539682539683,0.8372093023255814,0.5,0.3231939163498099,0.38497652582159625,0.5436893203883495,1.7264150943396226
8.0,1.0519031141868511,0.6583541147132169,0.6731301939058172,0.7737003058103975,0.8445945945945946,1.1545893719806763,0.9290780141843972,0.4125560538116592,0.5704697986577181,0.5657894736842105,0.7947019867549668,1.218487394957983,0.78,0.5714285714285714,0.4311111111111111,0.6354679802955665,0.8793103448275862,0.8762886597938144
8.0,1.0650684931506849,0.6632390745501285,0.6480938416422287,0.7082066869300911,0.7426900584795322,1.1619433198380567,0.8444444444444444,0.431924882629108,0.43783783783783786,0.43386243386243384,0.5279187817258884,1.0215827338129497,1.2695652173913043,0.4790697674418605,0.3886255924170616,0.3510204081632653,0.605,1.9207920792079207
9.0,1.0308788598574823,0.694017094017094,0.6730769230769231,0.7730627306273062,0.8048780487804879,1.1014084507042254,1.0166666666666666,0.5602836879432624,0.4982698961937716,0.5985130111524164,0.6551724137931034,0.837696335078534,1.308139534883721,0.6778523489932886,0.3531073446327684,0.46458923512747874,0.803030303030303,1.7272727272727273
9.0,0.9180887372013652,0.6521739130434783,0.5604166666666667,0.5665236051502146,0.7002237136465325,1.1102661596958174,1.1194029850746268,0.6724137931034483,0.5401069518716578,0.445,0.5888324873096447,1.1023622047244095,1.2371794871794872,0.6512455516014235,0.5064935064935064,0.38636363636363635,0.5392156862745098,1.5
9.0,0.9290465631929047,0.6311605723370429,0.586490939044481,0.6392857142857142,0.6630630630630631,0.9168831168831169,0.8497652582159625,0.5868725868725869,0.6333333333333333,0.5333333333333333,0.6139534883720931,0.798941798941799,1.1942857142857144,0.5517241379310345,0.360313315926893,0.40853658536585363,0.7013574660633484,1.4731182795698925
9.0,0.8208333333333333,0.5901639344262295,0.61,0.6091549295774648,0.641156462585034,0.9485294117647058,0.7972350230414746,0.4851063829787234,0.5443037974683544,0.5258215962441315,0.585635359116022,0.7933333333333333,0.9904761904761905,0.5611285266457681,0.4166666666666667,0.3746130030959752,0.5369127516778524,1.1395348837209303
9.0,1.2688172043010753,0.6745406824146981,0.7435158501440923,0.7602339181286549,0.7612359550561798,1.2472324723247232,1.0363636363636364,0.5052083333333334,0.577922077922078,0.45614035087719296,0.45,0.7111111111111111,1.7884615384615385,0.48148148148148145,0.3815261044176707,0.373134328358209,0.46111111111111114,1.6237623762376239
9.0,0.9903288201160542,0.7083946980854198,0.7099358974358975,0.7416107382550335,0.725,1.0760095011876485,0.8070739549839229,0.5688622754491018,0.6652173913043479,0.6391304347826087,0.5607843137254902,1.0878661087866108,1.3098591549295775,0.6987951807228916,0.4681372549019608,0.41645244215938304,0.7301587301587301,1.6574585635359116
9.0,0.8072289156626506,0.6456808199121523,0.5,0.5529595015576324,0.8206429780033841,0.922077922077922,0.6508620689655172,0.48727272727272725,0.4734848484848485,0.4789272030651341,0.6047430830039525,1.2101910828025477,1.283132530120482,0.47058823529411764,0.36211031175059955,0.61,0.6981818181818182,1.5755395683453237
9.0,0.9726890756302521,0.6202898550724638,0.60882800608828,0.6948590381426202,0.7155797101449275,1.0454545454545454,0.8693877551020408,0.49393939393939396,0.5897435897435898,0.5746268656716418,0.788,1.5443037974683544,1.34375,0.5013850415512465,0.3054054054054054,0.5401459854014599,0.6,1.4532374100719425
9.0,0.8693284936479129,0.6201044386422977,0.5652173913043478,0.64576802507837,0.86,1.1042253521126761,0.6691729323308271,0.5141065830721003,0.49624060150375937,0.5344129554655871,0.5154185022026432,1.1085271317829457,0.8032128514056225,0.5412844036697247,0.3540772532188841,0.4375,0.7337883959044369,1.4625
9.0,1.135064935064935,0.7730769230769231,0.7029126213592233,0.724609375,0.7618110236220472,1.2836257309941521,0.8,0.6132075471698113,0.5877192982456141,0.6531531531531531,0.6051502145922747,1.0823529411764705,1.2589928057553956,0.4836795252225519,0.3980263157894737,0.4263322884012539,0.7873303167420814,2.847826086956522
9.0,0.9792099792099792,0.7643884892086331,0.7699805068226121,0.7650602409638554,0.8224101479915433,1.3707165109034267,0.7735849056603774,0.6119402985074627,0.5622641509433962,0.6592920353982301,0.6982758620689655,1.1781609195402298,0.8645418326693227,0.4606741573033708,0.43154761904761907,0.5358166189111748,0.8138686131386861,1.6974789915966386
9.0,1.25625,0.8730512249443207,0.7614879649890591,0.7262931034482759,0.8253638253638254,1.1559888579387188,1.0758620689655172,0.6619047619047619,0.545,0.5555555555555556,0.5265700483091788,1.1367521367521367,2.0427350427350426,1.0358744394618835,0.51953125,0.37318840579710144,0.8125,1.3284671532846715
9.0,1.1118881118881119,0.7121212121212122,0.646551724137931,0.6628242074927954,0.7210526315789474,1.196911196911197,1.2115384615384615,0.5480769230769231,0.6026490066225165,0.5636363636363636,0.6123595505617978,1.179245283018868,1.6697247706422018,0.6611570247933884,0.40384615384615385,0.37668161434977576,0.6101694915254238,2.392405063291139
9.0,1.098901098901099,0.7470355731225297,0.7447257383966245,0.7052631578947368,0.742914979757085,1.2262996941896025,1.0061349693251533,0.7012987012987013,0.6181818181818182,0.5413223140495868,0.584,0.9314285714285714,1.803921568627451,0.5880398671096345,0.4340277777777778,0.45695364238410596,0.7032967032967034,1.8601398601398602
9.0,0.8015075376884422,0.5436363636363636,0.5982339955849889,0.6180555555555556,0.5697211155378487,0.8471337579617835,0.7534246575342466,0.44081632653061226,0.4482758620689655,0.4845360824742268,0.48034934497816595,0.8625,0.8365384615384616,0.3729903536977492,0.34572490706319703,0.3320610687022901,0.496551724137931,1.0
9.0,1.031347962382445,0.6781326781326781,0.6666666666666666,0.6320346320346321,0.6823266219239373,1.0575079872204474,1.1647727272727273,0.5025641025641026,0.5081081081081081,0.5480225988700564,0.5701357466063348,1.1409395973154361,1.7818181818181817,0.5213270142180095,0.33858267716535434,0.49333333333333335,0.9337016574585635,1.9583333333333333
9.0,1.0897435897435896,0.6149068322981367,0.5581395348837209,0.624390243902439,0.7163814180929096,1.154981549815498,1.0122699386503067,0.5106382978723404,0.4537037037037037,0.5026737967914439,0.6745562130177515,1.1475409836065573,1.0418848167539267,0.5768025078369906,0.3979933110367893,0.429042904290429,0.6573705179282868,1.9196428571428572
